{
    "test": {
        "PM2.5_scaled": {
            "MAE": 0.721782386302948,
            "MSE": 1.1535369157791138,
            "RMSE": 1.0740283727645874,
            "MAPE": 221.32058715820312,
            "MDAPE": 67.70807647705078,
            "SMAPE": 100.10064697265625
        },
        "PM10_scaled": {
            "MAE": 0.6983149647712708,
            "MSE": 1.023440957069397,
            "RMSE": 1.0116525888442993,
            "MAPE": 560.4127197265625,
            "MDAPE": 72.17937469482422,
            "SMAPE": 102.38722229003906
        },
        "SO2_scaled": {
            "MAE": 0.3659684360027313,
            "MSE": 0.3319249451160431,
            "RMSE": 0.5761292576789856,
            "MAPE": 150.87112426757812,
            "MDAPE": 56.19424057006836,
            "SMAPE": 89.26921081542969
        },
        "NO2_scaled": {
            "MAE": 0.8008962869644165,
            "MSE": 1.100612998008728,
            "RMSE": 1.0491009950637817,
            "MAPE": 305.68402099609375,
            "MDAPE": 89.91949462890625,
            "SMAPE": 118.6767349243164
        },
        "CO_scaled": {
            "MAE": 0.7902657985687256,
            "MSE": 1.3209319114685059,
            "RMSE": 1.149317979812622,
            "MAPE": 178.1556854248047,
            "MDAPE": 82.65756225585938,
            "SMAPE": 114.94763946533203
        },
        "O3_scaled": {
            "MAE": 0.37811601161956787,
            "MSE": 0.2544739842414856,
            "RMSE": 0.5044541358947754,
            "MAPE": 213.23670959472656,
            "MDAPE": 45.27908706665039,
            "SMAPE": 80.52873229980469
        },
        "PM2.5_unscaled": {
            "MAE": 57.43772506713867,
            "MSE": 7304.8837890625,
            "RMSE": 85.46861267089844,
            "MAPE": 204.75979614257812,
            "MDAPE": 57.659305572509766,
            "SMAPE": 76.97747039794922
        },
        "PM10_unscaled": {
            "MAE": 63.40260696411133,
            "MSE": 8436.7333984375,
            "RMSE": 91.85169219970703,
            "MAPE": 156.78463745117188,
            "MDAPE": 49.073123931884766,
            "SMAPE": 66.19694519042969
        },
        "SO2_unscaled": {
            "MAE": 8.183897972106934,
            "MSE": 165.986572265625,
            "RMSE": 12.883577346801758,
            "MAPE": 94.78569793701172,
            "MDAPE": 51.93893814086914,
            "SMAPE": 66.83055114746094
        },
        "NO2_unscaled": {
            "MAE": 28.209640502929688,
            "MSE": 1365.454345703125,
            "RMSE": 36.95205307006836,
            "MAPE": 105.5047378540039,
            "MDAPE": 38.19168472290039,
            "SMAPE": 55.15190887451172
        },
        "CO_unscaled": {
            "MAE": 874.5250854492188,
            "MSE": 1617627.625,
            "RMSE": 1271.85986328125,
            "MAPE": 116.65419006347656,
            "MDAPE": 46.88745880126953,
            "SMAPE": 62.084388732910156
        },
        "O3_unscaled": {
            "MAE": 21.19741439819336,
            "MSE": 799.7586669921875,
            "RMSE": 28.280004501342773,
            "MAPE": 295.5262756347656,
            "MDAPE": 81.53411102294922,
            "SMAPE": 94.95575714111328
        }
    }
}