{
    "test": {
        "BVP_scaled": {
            "MAE": 130.6512908935547,
            "MSE": 27372.71484375,
            "RMSE": 165.447021484375,
            "MAPE": 217268.828125,
            "MDAPE": 24191.73828125,
            "SMAPE": 196.7008819580078
        },
        "BVP_unscaled": {
            "MAE": 9320.9462890625,
            "MSE": 140342416.0,
            "RMSE": 11846.6201171875,
            "MAPE": 4292142080.0,
            "MDAPE": 24198.712890625,
            "SMAPE": 196.70162963867188
        }
    }
}
