{
    "test": {
        "ride_count_scaled": {
            "MAE": 0.15603874623775482,
            "MSE": 0.048550862818956375,
            "RMSE": 0.22034260630607605,
            "MAPE": 101.30278015136719,
            "MDAPE": 14.83629035949707,
            "SMAPE": 27.833765029907227
        },
        "ride_count_unscaled": {
            "MAE": 1811.730224609375,
            "MSE": 6545142.0,
            "RMSE": 2558.347412109375,
            "MAPE": 15.988061904907227,
            "MDAPE": 5.368223190307617,
            "SMAPE": 7.850118637084961
        }
    }
}