{
    "test": {
        "common_call_volume_high_scaled": {
            "MAE": 0.7630907297134399,
            "MSE": 1.2012128829956055,
            "RMSE": 1.0959985256195068,
            "MAPE": 436.2588806152344,
            "MDAPE": 119.17103576660156,
            "SMAPE": 108.87796020507812
        },
        "common_call_asr_scaled": {
            "MAE": 0.5334495306015015,
            "MSE": 0.5776505470275879,
            "RMSE": 0.7600332498550415,
            "MAPE": 342.06915283203125,
            "MDAPE": 92.16047668457031,
            "SMAPE": 118.63787078857422
        },
        "common_call_aloc_scaled": {
            "MAE": 0.6544873714447021,
            "MSE": 0.9404195547103882,
            "RMSE": 0.969752311706543,
            "MAPE": 246.37290954589844,
            "MDAPE": 89.43328857421875,
            "SMAPE": 112.25740051269531
        },
        "failed_emergency_call_scaled": {
            "MAE": 0.1704801619052887,
            "MSE": 1.0386217832565308,
            "RMSE": 1.0191279649734497,
            "MAPE": 67.38465118408203,
            "MDAPE": 0.7699645161628723,
            "SMAPE": 59.388999938964844
        },
        "common_call_failure_setup_rate_scaled": {
            "MAE": 0.5059415102005005,
            "MSE": 0.5073401927947998,
            "RMSE": 0.7122781872749329,
            "MAPE": 391.618896484375,
            "MDAPE": 80.96563720703125,
            "SMAPE": 116.77947235107422
        },
        "common_average_pdd_scaled": {
            "MAE": 0.37065744400024414,
            "MSE": 0.5888747572898865,
            "RMSE": 0.7673817276954651,
            "MAPE": 331.5783386230469,
            "MDAPE": 99.34587097167969,
            "SMAPE": 127.72736358642578
        },
        "common_average_jitter_scaled": {
            "MAE": 0.4546464681625366,
            "MSE": 0.7350364327430725,
            "RMSE": 0.8573426604270935,
            "MAPE": 227.2756805419922,
            "MDAPE": 90.14543151855469,
            "SMAPE": 128.35357666015625
        },
        "common_average_min_mos_scaled": {
            "MAE": 0.5899189114570618,
            "MSE": 0.6683688759803772,
            "RMSE": 0.817538321018219,
            "MAPE": 544.3665161132812,
            "MDAPE": 111.9996566772461,
            "SMAPE": 122.80654907226562
        },
        "sip_ner_scaled": {
            "MAE": 0.32315513491630554,
            "MSE": 0.35997411608695984,
            "RMSE": 0.5999784469604492,
            "MAPE": 296.0081481933594,
            "MDAPE": 47.004783630371094,
            "SMAPE": 82.9102783203125
        },
        "sip_weighted_rfactor_scaled": {
            "MAE": 0.8202221393585205,
            "MSE": 1.0732951164245605,
            "RMSE": 1.0359995365142822,
            "MAPE": 1096.4176025390625,
            "MDAPE": 147.3447265625,
            "SMAPE": 138.71604919433594
        },
        "sip_4xx_rate_scaled": {
            "MAE": 0.8217915892601013,
            "MSE": 1.1188247203826904,
            "RMSE": 1.057745099067688,
            "MAPE": 529.2686157226562,
            "MDAPE": 112.31627655029297,
            "SMAPE": 130.13858032226562
        },
        "sip_5xx_rate_scaled": {
            "MAE": 0.15525555610656738,
            "MSE": 0.53749680519104,
            "RMSE": 0.7331417202949524,
            "MAPE": 115.310302734375,
            "MDAPE": 29.127681732177734,
            "SMAPE": 71.30589294433594
        },
        "sip_6xx_rate_scaled": {
            "MAE": 0.29945799708366394,
            "MSE": 0.2841492295265198,
            "RMSE": 0.5330564975738525,
            "MAPE": 390.48675537109375,
            "MDAPE": 43.48383331298828,
            "SMAPE": 88.31552124023438
        },
        "media_packets_lost_ratio_scaled": {
            "MAE": 0.5024423003196716,
            "MSE": 0.5478385090827942,
            "RMSE": 0.740161120891571,
            "MAPE": 642.1527099609375,
            "MDAPE": 109.9317398071289,
            "SMAPE": 146.81590270996094
        },
        "common_call_volume_high_unscaled": {
            "MAE": 977.2064819335938,
            "MSE": 1969882.375,
            "RMSE": 1403.5250244140625,
            "MAPE": 174.10556030273438,
            "MDAPE": 89.44536590576172,
            "SMAPE": 103.1502685546875
        },
        "common_call_asr_unscaled": {
            "MAE": 0.0416102260351181,
            "MSE": 0.003514622338116169,
            "RMSE": 0.05928425118327141,
            "MAPE": 5.032306671142578,
            "MDAPE": 3.323869466781616,
            "SMAPE": 5.013258457183838
        },
        "common_call_aloc_unscaled": {
            "MAE": 137.44680786132812,
            "MSE": 41475.20703125,
            "RMSE": 203.65463256835938,
            "MAPE": 45.99800491333008,
            "MDAPE": 35.04608917236328,
            "SMAPE": 47.92216110229492
        },
        "failed_emergency_call_unscaled": {
            "MAE": 0.009399172849953175,
            "MSE": 0.0031571045983582735,
            "RMSE": 0.05618811771273613,
            "MAPE": 1761614592.0,
            "MDAPE": 19531234.0,
            "SMAPE": 199.95013427734375
        },
        "common_call_failure_setup_rate_unscaled": {
            "MAE": 0.03940708935260773,
            "MSE": 0.0030778488144278526,
            "RMSE": 0.05547836422920227,
            "MAPE": 8617013.0,
            "MDAPE": 19.423004150390625,
            "SMAPE": 24.56930160522461
        },
        "common_average_pdd_unscaled": {
            "MAE": 7314.17041015625,
            "MSE": 229301824.0,
            "RMSE": 15142.71484375,
            "MAPE": 79.29492950439453,
            "MDAPE": 43.91114044189453,
            "SMAPE": 51.02385330200195
        },
        "common_average_jitter_unscaled": {
            "MAE": 37.20503234863281,
            "MSE": 4922.259765625,
            "RMSE": 70.15882110595703,
            "MAPE": 238.15939331054688,
            "MDAPE": 86.29151916503906,
            "SMAPE": 93.39764404296875
        },
        "common_average_min_mos_unscaled": {
            "MAE": 0.04203027859330177,
            "MSE": 0.0033927836921066046,
            "RMSE": 0.058247607201337814,
            "MAPE": 1.0699576139450073,
            "MDAPE": 0.8091182708740234,
            "SMAPE": 1.068670392036438
        },
        "sip_ner_unscaled": {
            "MAE": 0.01222169492393732,
            "MSE": 0.0005148872151039541,
            "RMSE": 0.02269112691283226,
            "MAPE": 1.274665117263794,
            "MDAPE": 0.6099656820297241,
            "SMAPE": 1.2631815671920776
        },
        "sip_weighted_rfactor_unscaled": {
            "MAE": 0.9412021636962891,
            "MSE": 1.413259506225586,
            "RMSE": 1.1888059377670288,
            "MAPE": 1.028130054473877,
            "MDAPE": 0.8593710064888,
            "SMAPE": 1.0271180868148804
        },
        "sip_4xx_rate_unscaled": {
            "MAE": 0.07127804309129715,
            "MSE": 0.008416862227022648,
            "RMSE": 0.09174346178770065,
            "MAPE": 6311168.5,
            "MDAPE": 23.407129287719727,
            "SMAPE": 28.08135986328125
        },
        "sip_5xx_rate_unscaled": {
            "MAE": 0.00031385570764541626,
            "MSE": 2.1965527139400365e-06,
            "RMSE": 0.0014820771757513285,
            "MAPE": 118533712.0,
            "MDAPE": 37781364.0,
            "SMAPE": 195.30816650390625
        },
        "sip_6xx_rate_unscaled": {
            "MAE": 0.0035549418535083532,
            "MSE": 4.004421134595759e-05,
            "RMSE": 0.006328049581497908,
            "MAPE": 817302080.0,
            "MDAPE": 99.7802963256836,
            "SMAPE": 120.46436309814453
        },
        "media_packets_lost_ratio_unscaled": {
            "MAE": 0.0008084692526608706,
            "MSE": 1.4184278143147822e-06,
            "RMSE": 0.0011909776367247105,
            "MAPE": 4167231.25,
            "MDAPE": 46.86235046386719,