{
    "test": {
        "PM2.5_scaled": {
            "MAE": 0.9252268671989441,
            "MSE": 2.6827914714813232,
            "RMSE": 1.6379228830337524,
            "MAPE": 261.2653503417969,
            "MDAPE": 84.96410369873047,
            "SMAPE": 104.45388793945312
        },
        "PM10_scaled": {
            "MAE": 0.9114781022071838,
            "MSE": 1.9933851957321167,
            "RMSE": 1.4118729829788208,
            "MAPE": 735.2637939453125,
            "MDAPE": 93.18502807617188,
            "SMAPE": 108.60693359375
        },
        "SO2_scaled": {
            "MAE": 0.5049254298210144,
            "MSE": 0.6436836123466492,
            "RMSE": 0.8022989630699158,
            "MAPE": 224.9236297607422,
            "MDAPE": 64.56466674804688,
            "SMAPE": 90.22147369384766
        },
        "NO2_scaled": {
            "MAE": 1.0299991369247437,
            "MSE": 2.1949541568756104,
            "RMSE": 1.4815378189086914,
            "MAPE": 416.2729797363281,
            "MDAPE": 107.27136993408203,
            "SMAPE": 123.56102752685547
        },
        "CO_scaled": {
            "MAE": 0.9731982350349426,
            "MSE": 2.479480266571045,
            "RMSE": 1.5746365785598755,
            "MAPE": 194.52816772460938,
            "MDAPE": 90.309814453125,
            "SMAPE": 111.5274429321289
        },
        "O3_scaled": {
            "MAE": 0.30977267026901245,
            "MSE": 0.18225127458572388,
            "RMSE": 0.4269089698791504,
            "MAPE": 191.6396484375,
            "MDAPE": 34.305198669433594,
            "SMAPE": 71.01773834228516
        },
        "PM2.5_unscaled": {
            "MAE": 73.62823486328125,
            "MSE": 16989.453125,
            "RMSE": 130.34359741210938,
            "MAPE": 100.58663177490234,
            "MDAPE": 70.95293426513672,
            "SMAPE": 94.09515380859375
        },
        "PM10_unscaled": {
            "MAE": 82.7572021484375,
            "MSE": 16432.755859375,
            "RMSE": 128.1903076171875,
            "MAPE": 91.37053680419922,
            "MDAPE": 66.7440185546875,
            "SMAPE": 87.49105834960938
        },
        "SO2_unscaled": {
            "MAE": 11.291764259338379,
            "MSE": 321.9151916503906,
            "RMSE": 17.94199562072754,
            "MAPE": 88.62663269042969,
            "MDAPE": 79.56017303466797,
            "SMAPE": 110.64649963378906
        },
        "NO2_unscaled": {
            "MAE": 36.279273986816406,
            "MSE": 2723.1328125,
            "RMSE": 52.18364334106445,
            "MAPE": 87.24427032470703,
            "MDAPE": 52.33881378173828,
            "SMAPE": 67.29711151123047
        },
        "CO_unscaled": {
            "MAE": 1076.990234375,
            "MSE": 3036558.0,
            "RMSE": 1742.572265625,
            "MAPE": 78.53280639648438,
            "MDAPE": 54.494140625,
            "SMAPE": 68.89569091796875
        },
        "O3_unscaled": {
            "MAE": 17.3660888671875,
            "MSE": 572.7807006835938,
            "RMSE": 23.932836532592773,
            "MAPE": 222.82412719726562,
            "MDAPE": 68.35197448730469,
            "SMAPE": 86.48681640625
        }
    }
}