{
  "test": {
    "PM2.5_scaled": {
      "MAE": 0.4675757586956024,
      "MSE": 0.3282984793186188,
      "RMSE": 0.572973370552063,
      "MAPE": 721.3530883789062,
      "MDAPE": 62.931678771972656,
      "SMAPE": 99.134521484375
    },
    "PM10_scaled": {
      "MAE": 0.5641242265701294,
      "MSE": 0.465800404548645,
      "RMSE": 0.6824957132339478,
      "MAPE": 380.2256774902344,
      "MDAPE": 79.06542205810547,
      "SMAPE": 113.31462860107422
    },
    "SO2_scaled": {
      "MAE": 0.27306923270225525,
      "MSE": 0.1603812575340271,
      "RMSE": 0.40047627687454224,
      "MAPE": 106.61080169677734,
      "MDAPE": 47.9758186340332,
      "SMAPE": 84.62294006347656
    },
    "NO2_scaled": {
      "MAE": 0.935006320476532,
      "MSE": 1.2622780799865723,
      "RMSE": 1.123511552810669,
      "MAPE": 179.9915771484375,
      "MDAPE": 101.30491638183594,
      "SMAPE": 141.44224548339844
    },
    "CO_scaled": {
      "MAE": 0.5821468234062195,
      "MSE": 0.5498346090316772,
      "RMSE": 0.7415083050727844,
      "MAPE": 999.7139892578125,
      "MDAPE": 85.29325866699219,
      "SMAPE": 118.66791534423828
    },
    "O3_scaled": {
      "MAE": 0.49686241149902344,
      "MSE": 0.3379325568675995,
      "RMSE": 0.5813196897506714,
      "MAPE": 332.1882629394531,
      "MDAPE": 75.1567153930664,
      "SMAPE": 109.6593017578125
    },
    "PM2.5_unscaled": {
      "MAE": 32.7553825378418,
      "MSE": 1611.128662109375,
      "RMSE": 40.13886642456055,
      "MAPE": 289.89959716796875,
      "MDAPE": 80.47305297851562,
      "SMAPE": 90.83403778076172
    },
    "PM10_unscaled": {
      "MAE": 42.60249710083008,
      "MSE": 2656.565673828125,
      "RMSE": 51.5418815612793,
      "MAPE": 167.59378051757812,
      "MDAPE": 69.7384262084961,
      "SMAPE": 76.80459594726562
    },
    "SO2_unscaled": {
      "MAE": 5.6372785568237305,
      "MSE": 68.35136413574219,
      "RMSE": 8.267488479614258,
      "MAPE": 116.5940170288086,
      "MDAPE": 51.23295593261719,
      "SMAPE": 61.38336181640625
    },
    "NO2_unscaled": {
      "MAE": 29.48750877380371,
      "MSE": 1255.45751953125,
      "RMSE": 35.43243408203125,
      "MAPE": 200.50888061523438,
      "MDAPE": 57.05174255371094,
      "SMAPE": 73.74272918701172
    },
    "CO_unscaled": {
      "MAE": 542.9382934570312,
      "MSE": 478264.375,
      "RMSE": 691.5665893554688,
      "MAPE": 139.73422241210938,
      "MDAPE": 57.49319076538086,
      "SMAPE": 68.39511108398438
    },
    "O3_unscaled": {
      "MAE": 25.172985076904297,
      "MSE": 867.4154663085938,
      "RMSE": 29.45191764831543,
      "MAPE": 291.74835205078125,
      "MDAPE": 64.11334228515625,
      "SMAPE": 87.46846008300781
    }
  }
}
