{
    "test": {
        "PM2.5_scaled": {
            "MAE": 0.8900564908981323,
            "MSE": 1.5998413562774658,
            "RMSE": 1.2648483514785767,
            "MAPE": 265.9334411621094,
            "MDAPE": 85.9940414428711,
            "SMAPE": 117.40907287597656
        },
        "PM10_scaled": {
            "MAE": 0.8416235446929932,
            "MSE": 1.4072766304016113,
            "RMSE": 1.1862869262695312,
            "MAPE": 668.469970703125,
            "MDAPE": 87.75513458251953,
            "SMAPE": 116.689208984375
        },
        "SO2_scaled": {
            "MAE": 0.3995898962020874,
            "MSE": 0.3692396581172943,
            "RMSE": 0.6076509356498718,
            "MAPE": 146.7690887451172,
            "MDAPE": 65.49907684326172,
            "SMAPE": 99.72724914550781
        },
        "NO2_scaled": {
            "MAE": 0.8094055652618408,
            "MSE": 1.1898428201675415,
            "RMSE": 1.0907992124557495,
            "MAPE": 305.2830505371094,
            "MDAPE": 83.9140625,
            "SMAPE": 115.05621337890625
        },
        "CO_scaled": {
            "MAE": 0.8807613849639893,
            "MSE": 1.7299455404281616,
            "RMSE": 1.3152740001678467,
            "MAPE": 204.09693908691406,
            "MDAPE": 86.061767578125,
            "SMAPE": 118.77649688720703
        },
        "O3_scaled": {
            "MAE": 0.38586246967315674,
            "MSE": 0.24934709072113037,
            "RMSE": 0.49934667348861694,
            "MAPE": 189.39108276367188,
            "MDAPE": 49.83173751831055,
            "SMAPE": 85.1517105102539
        },
        "PM2.5_unscaled": {
            "MAE": 70.82942962646484,
            "MSE": 10131.3974609375,
            "RMSE": 100.65484619140625,
            "MAPE": 318.9769287109375,
            "MDAPE": 64.61763763427734,
            "SMAPE": 80.17324829101562
        },
        "PM10_unscaled": {
            "MAE": 76.414794921875,
            "MSE": 11601.0849609375,
            "RMSE": 107.70833587646484,
            "MAPE": 233.5020751953125,
            "MDAPE": 53.25430679321289,
            "SMAPE": 68.00773620605469
        },
        "SO2_unscaled": {
            "MAE": 8.936120986938477,
            "MSE": 184.66192626953125,
            "RMSE": 13.58903694152832,
            "MAPE": 128.88304138183594,
            "MDAPE": 49.05604553222656,
            "SMAPE": 63.067405700683594
        },
        "NO2_unscaled": {
            "MAE": 28.50938606262207,
            "MSE": 1476.1585693359375,
            "RMSE": 38.42081069946289,
            "MAPE": 142.50135803222656,
            "MDAPE": 34.038299560546875,
            "SMAPE": 51.61555862426758
        },
        "CO_unscaled": {
            "MAE": 974.6950073242188,
            "MSE": 2118621.75,
            "RMSE": 1455.548583984375,
            "MAPE": 165.28395080566406,
            "MDAPE": 47.44443130493164,
            "SMAPE": 62.173606872558594
        },
        "O3_unscaled": {
            "MAE": 21.63174057006836,
            "MSE": 783.6500244140625,
            "RMSE": 27.993749618530273,
            "MAPE": 353.7025451660156,
            "MDAPE": 85.02114868164062,
            "SMAPE": 90.52750396728516
        }
    }
}