{
    "test": {
        "OT_scaled": {
            "MAE": 0.15056733787059784,
            "MSE": 0.04346660152077675,
            "RMSE": 0.20848645269870758,
            "MAPE": 29.82858657836914,
            "MDAPE": 11.263288497924805,
            "SMAPE": 18.478214263916016
        },
        "OT_unscaled": {
            "MAE": 1.257356882095337,
            "MSE": 3.031176805496216,
            "RMSE": 1.7410274744033813,
            "MAPE": 2378157.25,
            "MDAPE": 12.137016296386719,
            "SMAPE": 22.862110137939453
        }
    }
}