{
    "test": {
        "PPG_scaled": {
            "MAE": 0.014102939516305923,
            "MSE": 0.012178750708699226,
            "RMSE": 0.1103573739528656,
            "MAPE": 34.43931198120117,
            "MDAPE": 1.9695994853973389,
            "SMAPE": 8.305102348327637
        },
        "PPG_unscaled": {
            "MAE": 0.025337576866149902,
            "MSE": 0.03931095451116562,
            "RMSE": 0.19826990365982056,
            "MAPE": 28.583681106567383,
            "MDAPE": 1.586971402168274,
            "SMAPE": 7.577761173248291
        }
    }
}