{
    "test": {
        "BVP_scaled": {
            "MAE": 0.790138304233551,
            "MSE": 1.3683888912200928,
            "RMSE": 1.1697815656661987,
            "MAPE": 5019.91259765625,
            "MDAPE": 118.18103790283203,
            "SMAPE": 149.31419372558594
        },
        "BVP_unscaled": {
            "MAE": 55.47810363769531,
            "MSE": 6910.81884765625,
            "RMSE": 83.13133239746094,
            "MAPE": 204223232.0,
            "MDAPE": 118.16574096679688,
            "SMAPE": 149.3137664794922
        }
    }
}